CREATE DATABASE  IF NOT EXISTS `spie` /*!40100 DEFAULT CHARACTER SET utf8 */;
USE `spie`;
-- MySQL dump 10.13  Distrib 5.7.17, for Win64 (x86_64)
--
-- Host: localhost    Database: spie
-- ------------------------------------------------------
-- Server version	5.7.20-log

/*!40101 SET @OLD_CHARACTER_SET_CLIENT=@@CHARACTER_SET_CLIENT */;
/*!40101 SET @OLD_CHARACTER_SET_RESULTS=@@CHARACTER_SET_RESULTS */;
/*!40101 SET @OLD_COLLATION_CONNECTION=@@COLLATION_CONNECTION */;
/*!40101 SET NAMES utf8 */;
/*!40103 SET @OLD_TIME_ZONE=@@TIME_ZONE */;
/*!40103 SET TIME_ZONE='+00:00' */;
/*!40014 SET @OLD_UNIQUE_CHECKS=@@UNIQUE_CHECKS, UNIQUE_CHECKS=0 */;
/*!40014 SET @OLD_FOREIGN_KEY_CHECKS=@@FOREIGN_KEY_CHECKS, FOREIGN_KEY_CHECKS=0 */;
/*!40101 SET @OLD_SQL_MODE=@@SQL_MODE, SQL_MODE='NO_AUTO_VALUE_ON_ZERO' */;
/*!40111 SET @OLD_SQL_NOTES=@@SQL_NOTES, SQL_NOTES=0 */;

--
-- Table structure for table `alumno`
--

DROP TABLE IF EXISTS `alumno`;
/*!40101 SET @saved_cs_client     = @@character_set_client */;
/*!40101 SET character_set_client = utf8 */;
CREATE TABLE `alumno` (
  `id_alumno` int(11) NOT NULL AUTO_INCREMENT,
  `rut` varchar(11) NOT NULL,
  `nombre` varchar(45) DEFAULT NULL,
  `apellido_paterno` varchar(45) DEFAULT NULL,
  `apellido_materno` varchar(45) DEFAULT NULL,
  `fecha_nacto` varchar(45) DEFAULT NULL,
  `id_curso` int(11) DEFAULT NULL,
  `genero` varchar(20) DEFAULT NULL,
  `direccion` varchar(45) DEFAULT NULL,
  `nombre_apoderado` varchar(45) DEFAULT NULL,
  `apellido_apoderado` varchar(45) DEFAULT NULL,
  `telefono_apoderado` varchar(45) DEFAULT NULL,
  `id_diagnostico` int(11) DEFAULT NULL,
  `id_comuna` int(11) DEFAULT NULL,
  `id_region` int(11) DEFAULT NULL,
  `id_provincia` int(11) DEFAULT NULL,
  PRIMARY KEY (`id_alumno`),
  UNIQUE KEY `rut_UNIQUE` (`rut`),
  KEY `fk_alumno_comuna_idx` (`id_comuna`),
  KEY `fk_alumno_curso_idx` (`id_curso`),
  KEY `fk_alumno_diagnostico_idx` (`id_diagnostico`),
  CONSTRAINT `fk_alumno_comuna` FOREIGN KEY (`id_comuna`) REFERENCES `comuna` (`comuna_id`) ON DELETE NO ACTION ON UPDATE NO ACTION,
  CONSTRAINT `fk_alumno_curso` FOREIGN KEY (`id_curso`) REFERENCES `curso` (`id_curso`) ON DELETE NO ACTION ON UPDATE NO ACTION,
  CONSTRAINT `fk_alumno_diagnostico` FOREIGN KEY (`id_diagnostico`) REFERENCES `diagnostico` (`id_diagnostico`) ON DELETE NO ACTION ON UPDATE NO ACTION
) ENGINE=InnoDB AUTO_INCREMENT=346 DEFAULT CHARSET=utf8;
/*!40101 SET character_set_client = @saved_cs_client */;

--
-- Dumping data for table `alumno`
--

LOCK TABLES `alumno` WRITE;
/*!40000 ALTER TABLE `alumno` DISABLE KEYS */;
INSERT INTO `alumno` VALUES (1,'23355571-1','VALENTINA ANTONIA','MARABOLÍ','SÁNCHEZ','2010-06-15',2,NULL,'LAS AMAPOLAS 1205 VILLA LOS GIRASOLES','a','MARABOLÍ','',NULL,NULL,NULL,NULL),(2,'23188781-4','BÁRBARA ESTER','ARAVENA','CUEVAS','2009-11-26',1,NULL,'','a','ARAVENA','',NULL,NULL,NULL,NULL),(3,'23180239-8','MARTINA IGNACIA','BELTRÁN','MONTOYA','2009-11-06',1,NULL,'','a','BELTRÁN','',NULL,NULL,NULL,NULL),(4,'23080839-2','MATEO OMAR','CARO','LAGOS','2009-07-22',1,NULL,'','a','CARO','',NULL,NULL,NULL,NULL),(7,'23098550-2','MARTINA ANTONIA','DÍAZ','SAAVEDRA','2009-08-11',1,NULL,'VILLA LAS TERMAS RIO BLANCO 280','a','DÍAZ','73919309',NULL,NULL,NULL,NULL),(10,'23259353-9','NICOLÁS IGNACIO','HENRIQUEZ','HENRÍQUEZ','2010-02-13',1,NULL,'11-sep','a','HENRIQUEZ','86316453',NULL,NULL,NULL,NULL),(11,'23171199-6','MATÍAS FERNANDO','LEMA','SOTO','2009-11-14',1,NULL,'AV. PEREZ CANTO 113 VILLA LOS HALCONES','a','LEMA','84127090',NULL,NULL,NULL,NULL),(12,'23234236-6','EWALD MATÍAS','MAUREIRA','AVELLO','2010-01-23',1,NULL,'ALBERTO BLANCO','a','MAUREIRA','83474776',NULL,NULL,NULL,NULL),(13,'23360079-2','FRANCISCA ELIZABETH','ROMÁN','ZAPATA','2010-06-17',1,NULL,'MIRAFLORES','a','ROMÁN','67065536',NULL,NULL,NULL,NULL),(14,'23352565-0','MIGUEL ALFREDO','RUIZ','VILLALOBOS','2010-06-20',1,NULL,'1 NORTE','a','RUIZ','77039817',NULL,NULL,NULL,NULL),(15,'23093692-7','LAURA TERESA','SAAVEDRA','HUENUHUEQUE','2009-08-08',1,NULL,'SECTOR CORRETUE','a','SAAVEDRA','68519526',NULL,NULL,NULL,NULL),(16,'23142936-0','ROCÍO BELÉN','SÁEZ','ALARCÓN','2009-09-28',1,NULL,'ALBERTO BLANCO','a','SÁEZ','98794515',NULL,NULL,NULL,NULL),(17,'23261720-9','FELIPE NICOLÁS','SANHUEZA','AVILÉS','2010-02-23',1,NULL,'RIO BLANCO','a','SANHUEZA','65615268',NULL,NULL,NULL,NULL),(18,'23169998-8','DANIEL HERNÁN','SEPÚLVEDA','FERNÁNDEZ','2009-10-21',1,NULL,'YUNGAY 850','a','SEPÚLVEDA','97573649',NULL,NULL,NULL,NULL),(19,'23333561-4','MATHIAS ALEXIS','TORRES','QUEZADA','2010-05-20',1,NULL,'PJE. LAS ORTENCIAS 319','a','TORRES','85347812',NULL,NULL,NULL,NULL),(20,'23259048-3','MADELINE GISSELLE','RIVERA','FIGUEROA','2010-02-26',1,NULL,'VICENTE LLANOS 1913, LOS ALMENDROS','a','RIVERA','',NULL,NULL,NULL,NULL),(21,'23266645-5','DYLAN BASTIÁN','LORCA','REYES','2010-03-08',1,NULL,'','a','LORCA','',NULL,NULL,NULL,NULL),(22,'23265282-9','RAYÉN MAGDALENA','CHEUQUEPÁN','ZAMORANO','2010-03-08',1,NULL,'','a','CHEUQUEPÁN','',NULL,NULL,NULL,NULL),(23,'23357049-4','CATALINA IGNACIA','GUAJARDO','ZURITA','2010-06-23',1,NULL,'SANTA MERCEDES 13549 SAN BERNARDO','a','GUAJARDO','53472729',NULL,NULL,NULL,NULL),(24,'23226429-2','NICOLÁS ERNESTO','ESCOBAR','GONZÁLEZ','2010-01-15',2,NULL,'','a','ESCOBAR','',NULL,NULL,NULL,NULL),(25,'23191165-0','MAXIMILIANO IGNACIO','VILLAGRAN','NUNES','2009-12-01',2,NULL,'','a','VILLAGRAN','',NULL,NULL,NULL,NULL),(26,'23277876-8','BENJAMÍN ALEJANDRO','ESCOBAR','CURIQUEO','2010-03-19',2,NULL,'GABRIELA MISTRAL','a','ESCOBAR','83724475',NULL,NULL,NULL,NULL),(27,'23180614-8','WAGNER JADIEL','VIDAL','MORA','2009-11-19',2,NULL,'PASAJE CUÑIBAL 2113','a','VIDAL','',NULL,NULL,NULL,NULL),(28,'23302627-1','JOAQUÍN EDUARDO ANTONIO','MANCILLA','OTTH','2010-03-23',2,NULL,'SGTO. ALDEA 501','a','MANCILLA','98836103',NULL,NULL,NULL,NULL),(29,'22774021-3','LUISA FERNANDA','MUÑOZ','BAHAMONDES','2008-07-02',2,NULL,'PATRICIO LINCH','a','MUÑOZ','79944016',NULL,NULL,NULL,NULL),(30,'22914508-8','DANIEL ALEJANDRO BALTAZAR','HERRERA','BELTRÁN','2009-01-06',2,NULL,'18 DE SEPTIEMBRE','a','HERRERA','65791257',NULL,NULL,NULL,NULL),(31,'23315555-1','CAROLINA ANTONIA','BASCUR','FUENTEALBA','2010-05-04',2,NULL,'CAMILO HENRIQUEZ 445','a','BASCUR','73241379',NULL,NULL,NULL,NULL),(32,'23140938-6','VICENTE MARTÍN','AEDO','SOTO','2009-10-07',2,NULL,'PASAJE LA CANTERA N ° 105 POBLACIÓN MOSSO','a','AEDO','85055435',NULL,NULL,NULL,NULL),(33,'23197658-2','JOAQUÍN ALFONSO','BARROS','PEÑAILILLO','2009-11-29',2,NULL,'','a','BARROS','',NULL,NULL,NULL,NULL),(34,'23318497-7','JONATHAN ADIEL','FLORES','SANDOVAL','2010-05-11',2,NULL,'HUENTECOL CHEUQUEPÁN N° 850','a','FLORES','67211454',NULL,NULL,NULL,NULL),(35,'23178255-9','BENJAMÍN ANDRÉS','MARDONES','FUENTEALBA','2009-11-17',2,NULL,'CAMILO HENRIQUEZ N° 840','a','MARDONES','78279309',NULL,NULL,NULL,NULL),(36,'23135616-9','CINTHIA ESTEFANÍA','MELLA','RUIZ','2009-09-16',2,NULL,'SANTA INES 235','a','MELLA','92634075',NULL,NULL,NULL,NULL),(37,'23263184-8','MARTÍN ALEJANDRO','MENDOZA','SOTO','2010-03-04',2,NULL,'SECTOR SANTA EMA','a','MENDOZA','59567091',NULL,NULL,NULL,NULL),(38,'23228771-3','CATALINA ANDREA','PACHECO','CARRASCO','2010-01-13',2,NULL,'','a','PACHECO','',NULL,NULL,NULL,NULL),(39,'23138112-0','DAVID MATEO','SEPÚLVEDA','GUTIÉRREZ','2009-09-30',2,NULL,'TRAHUILCO N ° 975 VILLA CAPTRÉN','a','SEPÚLVEDA','',NULL,NULL,NULL,NULL),(40,'23222524-6','EVANS BENJAMIN','JACCARD','HENRÍQUEZ','2009-12-07',2,NULL,'','a','JACCARD','',NULL,NULL,NULL,NULL),(41,'23084220-5','MATÍAS JASON','HENRÍQUEZ','FERNÁNDEZ','2009-07-24',2,NULL,'','a','HENRÍQUEZ','',NULL,NULL,NULL,NULL),(42,'23115613-5','FRANCISCA MACARENA','SANHUEZA','ARAVENA','2009-09-04',2,NULL,'VILLA CAPTREN LEFUCO 1155','a','SANHUEZA','',NULL,NULL,NULL,NULL),(43,'23252144-9','ALEJANDRA JAVIERA','SAAVEDRA','MUÑOZ','2010-02-18',2,NULL,'FRANCISCA DE RIMINI 3460','a','SAAVEDRA','',NULL,NULL,NULL,NULL),(44,'22873943-K','MARTÍN EMILIO','JÉLDREZ','JÉLDREZ','2008-11-14',3,NULL,'LOS ALAMOS 1980 VILLA PROVINCIAL','a','JÉLDREZ','',NULL,NULL,NULL,NULL),(45,'22863633-9','CONSTANZA ISABEL','HORMAZÁBAL','CHAVARRÍA','2008-11-04',3,NULL,'HUENTECOL CHEUQUEPAN 825','a','HORMAZÁBAL','81475229',NULL,NULL,NULL,NULL),(46,'22437742-8','CONSTANZA JAVIERA','BUSTAMANTE','VILLALOBOS','2007-07-03',3,NULL,'9 ORIENTE 344 - POB. PABLO NERUDA','a','BUSTAMANTE','79826592',NULL,NULL,NULL,NULL),(47,'23011479-K','EMILIA AILYN','ASTROZA','DÍAZ','2009-05-05',3,NULL,'LOS ALAMOS 193 - POB. SANTA ISABEL','a','ASTROZA','98653639',NULL,NULL,NULL,NULL),(48,'22900484-0','ANDRÉS IGNACIO','CABEZAS','SAAVEDRA','2008-12-10',3,NULL,'G. CARRERA','a','CABEZAS','72429519',NULL,NULL,NULL,NULL),(49,'22901683-0','BELÉN ABIGAIL','CASTRO','OÑATE','2008-12-17',3,NULL,'EL NOTRO','a','CASTRO','78242325',NULL,NULL,NULL,NULL),(50,'22928419-3','ELIZABETH MAGDALENA','EPUANTE','CONTRERAS','2009-01-19',3,NULL,'PASAJE VENUS','a','EPUANTE','72381847',NULL,NULL,NULL,NULL),(51,'22926905-4','MARK KEVIN','LABRÍN','VALENZUELA','2009-01-03',3,NULL,'QUILAPE LOPES','a','LABRÍN','88615321',NULL,NULL,NULL,NULL),(52,'22866182-1','MARTÍN IGNACIO','LAGOS','URRUTIA','2008-10-31',3,NULL,'SARGENTO ALDEA','a','LAGOS','91565567',NULL,NULL,NULL,NULL),(53,'22942216-2','JAVIERA CAROLINA','LÓPEZ','ZURITA','2009-02-10',3,NULL,'HIJUELA PIDENCO','a','LÓPEZ','85823083',NULL,NULL,NULL,NULL),(54,'23051586-7','FERNANDA RACHEL','MORALES','PORTIÑO','2009-06-16',3,NULL,'RIQUELME','a','MORALES','82574728',NULL,NULL,NULL,NULL),(55,'23027520-3','KRISHNA SKARLETH','MUÑOZ','VIELMA','2009-04-20',3,NULL,'LOS MLINGUES','a','MUÑOZ','',NULL,NULL,NULL,NULL),(56,'22806674-5','ALEXIS NICOLÁS','PARRA','JARA','2008-08-24',3,NULL,'MIRAFLORES','a','PARRA','96909743',NULL,NULL,NULL,NULL),(57,'22777882-2','RAÚL IGNACIO','QUINTANA','FONSECA','2008-07-23',3,NULL,'','a','QUINTANA','',NULL,NULL,NULL,NULL),(58,'22873964-2','ÁLVARO BLADIMIR','RIQUELME','NARVÁEZ','2008-11-18',3,NULL,'CAMILO HENRIQUEZ','a','RIQUELME','91077895',NULL,NULL,NULL,NULL),(59,'22975071-2','GABRIEL IGNACIO','TORRES','CHÁVEZ','2009-03-16',3,NULL,'MANUEL CORTEZ','a','TORRES','84822851',NULL,NULL,NULL,NULL),(60,'22813498-8','BENJAMÍN ABEL','FIGUEROA','MIRANDA','2008-09-07',3,NULL,'VILLA EL BOSQUE ..','a','FIGUEROA','79930629',NULL,NULL,NULL,NULL),(61,'22765715-4','PABLO FERNANDO AGUSTÍN','BELTRÁN','DUBREUIL','2008-07-11',3,NULL,'LOS AROMOS','a','BELTRÁN','74015850',NULL,NULL,NULL,NULL),(62,'22881454-7','BASTIÁN ALFONSO','JARA','BENÍTEZ','2008-11-22',3,NULL,'','a','JARA','',NULL,NULL,NULL,NULL),(63,'22836453-3','ANGEL TOBÍAS','LAGOS','SAAVEDRA','2008-09-27',4,NULL,'','a','LAGOS','',NULL,NULL,NULL,NULL),(64,'22803967-5','VICENTE HERNÁN','ACUÑA','CAMPOS','2008-08-05',4,NULL,'PEREZ CANTO 670','a','ACUÑA','66860066',NULL,NULL,NULL,NULL),(65,'23015415-5','CONTANZA ADELYN','DÍAZ','FERNÁNDEZ','2009-05-06',4,NULL,'PEDRO TORRES 264 - POB. EL ESFUERZO','a','DÍAZ','78150767',NULL,NULL,NULL,NULL),(66,'22986405-K','VICENTE NICOLÁS','GARRIDO','SÁNCHEZ','2009-03-28',4,NULL,'HIJUELA MANZANAR DE CORDOVA SANTA INES','a','GARRIDO','94332375',NULL,NULL,NULL,NULL),(67,'22890412-0','AUGUSTO SEBASTIÁN','LACOSTE','SEPÚLVEDA','2008-11-30',4,NULL,'21 DE MAYO','a','LACOSTE','76874078',NULL,NULL,NULL,NULL),(68,'23052439-4','YAJAIRA ANDREA','PAZ','JARA','2009-06-17',4,NULL,'PASAJE LEFUCO','a','PAZ','75933942',NULL,NULL,NULL,NULL),(69,'22950453-3','GUSTAVO ELÍAS','PINO','HURTADO','2009-01-09',4,NULL,'ARENALES','a','PINO','50699112',NULL,NULL,NULL,NULL),(70,'22981595-4','VALENTINA ALEJANDRA','QUINTANA','GALDAMES','2009-03-26',4,NULL,'LYNCH','a','QUINTANA','78310321',NULL,NULL,NULL,NULL),(71,'22954227-3','MARYANNA KATHALINA','RIVAS','VENEGAS','2009-01-06',4,NULL,'VILLA CAPTRÉN QUEULE 1165','a','RIVAS','',NULL,NULL,NULL,NULL),(72,'22796451-0','VÍCTOR NICOLÁS','SANDOVAL','SANDOVAL','2008-08-16',4,NULL,'EL AVELLANO','a','SANDOVAL','72069375',NULL,NULL,NULL,NULL),(73,'22798192-K','SOFÍA ANTONIA','MENDOZA','SOTO','2008-07-15',4,NULL,'SANTA EMMA','a','MENDOZA','',NULL,NULL,NULL,NULL),(74,'22918115-7','ANYELO IGNACIO','MUÑOZ','VALENZUELA','2009-01-09',4,NULL,'LOS LINGUES','a','MUÑOZ','',NULL,NULL,NULL,NULL),(75,'22915331-5','VICENTE IGNACIO','NAVARRETE','SALAZAR','2009-01-05',4,NULL,'TRAHUILCO','a','NAVARRETE','78350909',NULL,NULL,NULL,NULL),(76,'22804171-8','ROBERTO CARLOS CELESTINO','PAINE','SAAVEDRA','2008-07-02',4,NULL,'RÍO BLANCO','a','PAINE','72917350',NULL,NULL,NULL,NULL),(77,'22779177-2','DAYANA VALENTINA','RIVAS','PEZOA','2008-07-26',4,NULL,'FRANCISCO LIEMPI 840 LOS CACIQUES','a','RIVAS','86324665',NULL,NULL,NULL,NULL),(78,'22749059-4','ABIGAIL IGNACIA','VALENZUELA','MUÑOZ','2008-06-18',4,NULL,'CALAMA','a','VALENZUELA','82612141',NULL,NULL,NULL,NULL),(79,'23051588-3','SILVANA ALEJANDRA','FUENTEALBA','VALLEJOS','2009-06-08',4,NULL,'','a','FUENTEALBA','74028067',NULL,NULL,NULL,NULL),(80,'22825622-6','YARELA POLET','CARTER','REYES','2008-09-16',4,NULL,'FUNDO EL MIRADOR CAMINO A LUMACO','a','CARTER','82206082',NULL,NULL,NULL,NULL),(81,'22490445-2','MARIO ANDRÉS','VIDAL','MORA','2007-08-31',5,NULL,'PJE CUÑIBAL','a','VIDAL','68729149',NULL,NULL,NULL,NULL),(82,'22555906-6','VICENTE ANTONIO','ARAYA','CANDIA','2007-10-01',5,NULL,'RIQUELME N º1272','a','ARAYA','',NULL,NULL,NULL,NULL),(83,'22714610-9','MAYKEL ANTONIO','ARÓSTICA','ARAYA','2008-05-07',5,NULL,'JUAN MEZ Nº 281 POBLACIÓN PADRE JUAN','a','ARÓSTICA','66533841',NULL,NULL,NULL,NULL),(84,'22720851-1','BENJAMÍN PATRICIO','BERHO','CAMPOS','2008-05-10',5,NULL,'IQUIQUE Nº 756','a','BERHO','56414981',NULL,NULL,NULL,NULL),(85,'22711156-9','ABIGAIL MACARENA','BUSTAMANTE','ZURITA','2008-05-01',5,NULL,'LINCH','a','BUSTAMANTE','62773203',NULL,NULL,NULL,NULL),(86,'22551386-4','LUCAS MARTÍN','CASTRO','DÍAZ','2007-11-11',5,NULL,'1 ORIENTE','a','CASTRO','88008978',NULL,NULL,NULL,NULL),(87,'22674258-1','CONSTANZA BELÉN','CERDA','PÉREZ','2008-03-14',5,NULL,'PISAGUA','a','CERDA','93579587',NULL,NULL,NULL,NULL),(88,'22624478-6','MARTÍN OSVALDO','CHAVEZ','DIEZ','2008-01-17',5,NULL,'IQUIQUE','a','CHAVEZ','62598033',NULL,NULL,NULL,NULL),(89,'22565332-1','CRISTÓBAL BENJAMÍN','CUEVAS','VÁSQUEZ','2007-11-27',5,NULL,'LA TEPA','a','CUEVAS','81840465',NULL,NULL,NULL,NULL),(90,'22699141-7','JOAQUÍN EDUARDO','GAETE','SAN MARTÍN','2008-04-19',5,NULL,'CAMILO HENRIQUEZ 268','a','GAETE','86862257',NULL,NULL,NULL,NULL),(91,'22484237-6','VICENTE IGNACIO','GUTIÉRREZ','CARRASCO','2007-08-27',5,NULL,'LYNCH Nº 830','a','GUTIÉRREZ','77507432',NULL,NULL,NULL,NULL),(92,'22538413-4','OMAR ANTONIO','HERRERA','GARRIDO','2007-10-30',5,NULL,'CAMILO HENRÍQUEZ Nº 812','a','HERRERA','82495505',NULL,NULL,NULL,NULL),(93,'22460093-3','SEBASTIÁN ANDRÉS','MARTÍNEZ','LABRÍN','2007-07-03',5,NULL,'RIQUELME Nº447','a','MARTÍNEZ','89730479',NULL,NULL,NULL,NULL),(94,'22706148-0','CARLA JAVIERA','MUÑOZ','YÁÑEZ','2008-04-25',5,NULL,'PASAJE QUEULE','a','MUÑOZ','62595346',NULL,NULL,NULL,NULL),(95,'22566926-0','MILLARAY ANTONIA','NÚÑEZ','CHEUQUEPÁN','2007-11-28',5,NULL,'JUAN PABLO I','a','NÚÑEZ','78150801',NULL,NULL,NULL,NULL),(96,'22664974-3','MATÍAS MAXIMILIANO','PEREDA','HURTADO','2008-03-04',5,NULL,'PASAJE LONCOCAPIL Nº 04 VILLA LOS RÍOS','a','PEREDA','62311900',NULL,NULL,NULL,NULL),(97,'22739315-7','BRAULIO BASTIÁN','RIVAS','OÑATE','2008-06-09',5,NULL,'SERRANO Nº 873','a','RIVAS','68482309',NULL,NULL,NULL,NULL),(98,'22504751-0','VALERIA ALEJANDRA','SANDOVAL','ACUÑA','2007-09-16',5,NULL,'LOS CLAVELES','a','SANDOVAL','82070206',NULL,NULL,NULL,NULL),(99,'22567711-5','TAMARA BELÉN','SANDOVAL','CHEUQUEPÁN','2007-11-29',5,NULL,'HUENTECOL CHEUQUEPAN','a','SANDOVAL','93885475',NULL,NULL,NULL,NULL),(100,'22692938-K','ESTEBAN MOISÉS','SEPÚLVEDA','FERNÁNDEZ','2008-04-03',5,NULL,'YUNGAY','a','SEPÚLVEDA','97573649',NULL,NULL,NULL,NULL),(101,'22626778-6','LEONIDAS IGNACIO','ÁLVAREZ','MORGENSTERN','2008-01-29',6,NULL,'KM 69,5 RUTA INTERNACIONAL CH 181','a','ÁLVAREZ','95494858',NULL,NULL,NULL,NULL),(102,'22684968-8','ALEXANDER JOSÉ','AMBIADO','QUEMENER','2008-04-02',6,NULL,'CARRERA 998','a','AMBIADO','97931709',NULL,NULL,NULL,NULL),(103,'22525368-4','FRANCISCO WLADIMIR','BELTRÁN','LÓPEZ','2007-10-05',6,NULL,'PARCELA 22 SANTA JULIA','a','BELTRÁN','78192216',NULL,NULL,NULL,NULL),(104,'22598184-1','FRANCO MAXIMILIANO','CARRASCO','LEIVA','2007-12-29',6,NULL,'LA PAZ VILLA LAS AMERICAS','a','CARRASCO','',NULL,NULL,NULL,NULL),(105,'22549424-K','PABLO ANTONIO','FAURE','LAGOS','2007-11-05',6,NULL,'18 SEPTIEBRE N° 8 P LLAIMA','a','FAURE','78147735',NULL,NULL,NULL,NULL),(106,'22299210-9','MARCO AGUSTÍN','GABELIC','CERDA','2006-12-31',6,NULL,'PRAT 1210','a','GABELIC','86467773',NULL,NULL,NULL,NULL),(107,'22749119-1','CAMILA YANELLA','GODOY','QUILODRÁN','2008-06-17',6,NULL,'CAMILO HENRIQUEZ','a','GODOY','62721715',NULL,NULL,NULL,NULL),(108,'22499686-1','FERNANDO PATRICIO','GÓMEZ','PALAVECINO','2007-09-08',6,NULL,'CARRERA Nº 748','a','GÓMEZ','85550967',NULL,NULL,NULL,NULL),(109,'22568750-1','CATALINA ALEJANDRA','GUTIÉRREZ','BARROS','2007-10-31',6,NULL,'EL SALVADOR','a','GUTIÉRREZ','93458761',NULL,NULL,NULL,NULL),(110,'22733068-6','CRISTIÁN ALEJANDRO','HERMOSILLA','PAREDES','2008-05-13',6,NULL,'1 Y 2 OCTUBRE 116 P LLAIMA','a','HERMOSILLA','79296983',NULL,NULL,NULL,NULL),(111,'22400894-5','DIEGO ANDRÉS','ITURRIAGA','VALLEJOS','2007-05-17',6,NULL,'ARTURO PRAT','a','ITURRIAGA','73944633',NULL,NULL,NULL,NULL),(112,'22465761-7','ALFONSO EMILIO','JARA','CABEZA','2007-07-25',6,NULL,'CAMINO LAUTARO STA EMA','a','JARA','',NULL,NULL,NULL,NULL),(113,'22435590-4','YARITZA ESTEFANI','LAGOS','CHÁVEZ','2007-07-06',6,NULL,'LOS PENSAMIENTOS','a','LAGOS','76816013',NULL,NULL,NULL,NULL),(114,'22464811-1','MAXIMILIANO ALEJANDRO','PARRA','BARRIENTOS','2007-07-19',6,NULL,'LYNCH','a','PARRA','59341356',NULL,NULL,NULL,NULL),(115,'22719983-0','FRANCISCA ANAÍS','POLANCO','LAGOS','2008-05-12',6,NULL,'COLLIHUANQUI 024 V. LOS RIOS','a','POLANCO','91201712',NULL,NULL,NULL,NULL),(116,'22624444-1','JULIETA AGUSTINA','SOTO','AMIGO','2008-01-23',6,NULL,'PEREZ CANTO','a','SOTO','78706677',NULL,NULL,NULL,NULL),(117,'22772164-2','JUAN RICARDO','VENEGAS','PARRA','2008-06-04',6,NULL,'F CAMIROAGA 120 V. LOS VOLCANES','a','VENEGAS','81620584',NULL,NULL,NULL,NULL),(118,'22412872-K','SEBASTIÁN ISAIAS','VERGARA','MARABOLÍ','2007-05-26',6,NULL,'CAUPOLICÁN','a','VERGARA','87932025',NULL,NULL,NULL,NULL),(119,'22598211-2','DARÍO ELÍAS','ZAPATA','BELTRÁN','2008-01-04',6,NULL,'ARAUCO Nº 885','a','ZAPATA','88034507',NULL,NULL,NULL,NULL),(120,'22672395-1','VALENTINA ISABEL','ZURITA','PEÑAILILLO','2008-03-08',6,NULL,'VILLA CAPTREN ESCORIAL Nº976','a','ZURITA','77728188',NULL,NULL,NULL,NULL),(121,'22212013-6','ROBERTH MATEO MELQUISEDEC','ALARCÓN','BENAVIDES','2006-09-17',6,NULL,'','a','ALARCÓN','',NULL,NULL,NULL,NULL),(122,'22467136-9','ALBERTO JESÚS','BAEZA','PARRA','2007-08-01',6,NULL,'MARÍA AUXILIADORA 872 DEPTO. B 407','a','BAEZA','95922148',NULL,NULL,NULL,NULL),(123,'22218430-4','TANIA SCARLETTE','ARAVENA','LAGOS','2006-09-23',7,NULL,'SARGENTO ALDEA 1227','a','ARAVENA','',NULL,NULL,NULL,NULL),(124,'22162795-4','THIERS ELOY','BENÍTEZ','HUERTA','2006-07-15',7,NULL,'CAMILO HENRIQUEZ','a','BENÍTEZ','',NULL,NULL,NULL,NULL),(125,'22368094-1','FERNANDO ISMAEL','CAMPOS','MUÑOZ','2007-04-02',7,NULL,'RIQUELME 1080','a','CAMPOS','',NULL,NULL,NULL,NULL),(126,'22374920-8','MARÍA PAZ','CERDA','HUENCHULAO','2007-04-11',7,NULL,'EL LAUREL 170, POB. PEHUEN','a','CERDA','',NULL,NULL,NULL,NULL),(127,'22398140-2','BENJAMÍN ALBERTO','FAÚNDEZ','SAN MARTÍN','2007-05-10',7,NULL,'EL MAITÉN 160, VILLA PEHUÉN','a','FAÚNDEZ','',NULL,NULL,NULL,NULL),(128,'22241420-2','BÁRBARA NICOL','HENRÍQUEZ','ALBARRACÍN','2006-10-19',7,NULL,'PASAJE VENUS','a','HENRÍQUEZ','94151130',NULL,NULL,NULL,NULL),(129,'22350646-1','ANAÍS BELÉN','IBÁÑEZ','LEIVA','2007-02-02',7,NULL,'SECTOR SAN JUAN','a','IBÁÑEZ','54796835',NULL,NULL,NULL,NULL),(130,'22364066-4','ARACELY MACARENA TRINIDAD','JARA','GONZÁLEZ','2007-03-29',7,NULL,'','a','JARA','',NULL,NULL,NULL,NULL),(131,'22421476-6','MARTÍN ALEJANDRO','JARA','GRANDÓN','2007-06-11',7,NULL,'LOS MAITENES Nº 06 POBLACIÓN CENTENARIO','a','JARA','98653754',NULL,NULL,NULL,NULL),(132,'22189044-2','HUGO ALEJANDRO','JARA','VARGAS','2006-08-09',7,NULL,'SANTA EMMA','a','JARA','79201276',NULL,NULL,NULL,NULL),(133,'22326427-1','SARA NOEMÍ','LAGOS','OÑATE','2007-02-07',7,NULL,'ARICA 733','a','LAGOS','',NULL,NULL,NULL,NULL),(134,'22426730-4','MAUREEN PAZ','MEIER','DIAZ','2007-06-21',7,NULL,'MIRAFLORES','a','MEIER','93970114',NULL,NULL,NULL,NULL),(135,'22359226-0','YARITZA BELÉN','MELLA','LABRÍN','2007-03-17',7,NULL,'RIQUELME 447','a','MELLA','',NULL,NULL,NULL,NULL),(136,'22155708-5','CONSTANZA VALENTINA','MUÑOZ','VOGT','2006-07-05',7,NULL,'EL NOGAL 271, VILLA LOS ALERCES','a','MUÑOZ','',NULL,NULL,NULL,NULL),(137,'22416141-7','DANAE ELIZABETH','RIVAS','OÑATE','2007-06-11',7,NULL,'EL ROBLE','a','RIVAS','',NULL,NULL,NULL,NULL),(138,'22211764-K','ANDREA BELÉN','SÁNCHEZ','SAN MARTÍN','2006-09-10',7,NULL,'IQUIQUE 746','a','SÁNCHEZ','',NULL,NULL,NULL,NULL),(139,'22271880-5','MELANIÉ ISABEL','SOTO','RODRÍGUEZ','2006-12-01',7,NULL,'IQUIQUE','a','SOTO','',NULL,NULL,NULL,NULL),(140,'22262369-3','FELIPE ANTONIO','VALDEBENITO','BAEZA','2006-11-17',7,NULL,'21 DE MAYO 676 VILLA. LAS TERMAS','a','VALDEBENITO','2962317',NULL,NULL,NULL,NULL),(141,'22288775-5','PABLO SEBASTIÁN','VALENZUELA','SALGADO','2006-12-04',7,NULL,'EL ROBLE','a','VALENZUELA','89173417',NULL,NULL,NULL,NULL),(142,'22374878-3','MARTÍN IGNACIO','VILLALOBOS','JARA','2007-04-11',7,NULL,'QUILAPE LÓPEZ 894, VILLA LOS CACIQUES','a','VILLALOBOS','',NULL,NULL,NULL,NULL),(143,'22300100-9','BASTIÁN VICENTE ANTONIO','ITURRIETA','PINO','2007-01-04',7,NULL,'','a','ITURRIETA','',NULL,NULL,NULL,NULL),(144,'21976370-0','ROBERTO IGNACIO','BASCUR','CARO','2005-10-01',8,NULL,'CALLE 2 Nº 885 - POB. CENTENARIO','a','BASCUR','79426562',NULL,NULL,NULL,NULL),(145,'22414242-0','SEBASTIÁN MAXIMILIANO','BASCUR','TRONCOSO','2007-06-03',8,NULL,'PASAJE RIO BLANCO','a','BASCUR','72668220',NULL,NULL,NULL,NULL),(146,'22309605-0','MATÍAS CRISTÓBAL','CERDA','SEPÚLVEDA','2007-01-15',8,NULL,'LAS ILUSIONES','a','CERDA','81452566',NULL,NULL,NULL,NULL),(147,'22168897-K','SOFIA BELEN','CHEUQUEPÁN','CÓRDOVA','2006-07-19',8,NULL,'CAMILO HENRÍQUEZ','a','CHEUQUEPÁN','98992550',NULL,NULL,NULL,NULL),(148,'22249068-5','BENJAMÍN IGNACIO','CONTRERAS','HUILCAL','2006-10-15',8,NULL,'COMUNIDAD IGNACIO HUILQUILAO','a','CONTRERAS','74728425',NULL,NULL,NULL,NULL),(149,'22248457-K','PAULINA BELÉN','GUTIÉRREZ','ALBARRACÍN','2006-10-24',8,NULL,'18 DE SEPTIEMBRE','a','GUTIÉRREZ','87199728',NULL,NULL,NULL,NULL),(150,'22245029-2','FELIPE ESTEBAN','GUTIÉRREZ','BARROS','2006-10-21',8,NULL,'EL SALVADOR','a','GUTIÉRREZ','54355493',NULL,NULL,NULL,NULL),(151,'22375024-9','KIMBERLY CHARLOTHS YENSY','HERRERA','BELTRÁN','2007-04-15',8,NULL,'18 DE SEPTIEMBRE','a','HERRERA','65791257',NULL,NULL,NULL,NULL),(152,'22385720-5','MAXIMINO ROMÁN','INOSTROZA','SALAMANCA','2007-04-24',8,NULL,'SILVERIO RAMIREZ','a','INOSTROZA','54868527',NULL,NULL,NULL,NULL),(153,'22333723-6','ESTEFANY ALEJANDRA','NIGUERRA','HUILCAL','2007-02-16',8,NULL,'COMUNIDAD PEDRO HUILCAL','a','NIGUERRA','99543566',NULL,NULL,NULL,NULL),(154,'22345463-1','LAURA IGNACIA','ÑIRIPIL','LINCOPÍ','2007-02-24',8,NULL,'LOS MALLINES','a','ÑIRIPIL','99026730',NULL,NULL,NULL,NULL),(155,'22165533-8','ELIANA ESTER','PAINE','SAAVEDRA','2006-06-24',8,NULL,'RIO BLANCO','a','PAINE','54257098',NULL,NULL,NULL,NULL),(156,'22236661-5','CLAUDIO ANTONIO','PÉREZ','ARIAS','2006-09-28',8,NULL,'LYNCH','a','PÉREZ','92272848',NULL,NULL,NULL,NULL),(157,'22192427-4','CATALINA ANDREA','PÉREZ','ÁVILA','2006-08-22',8,NULL,'8 ORIENTE POBLACIÓN MANUEL RODRIGUEZ','a','PÉREZ','',NULL,NULL,NULL,NULL),(158,'22248454-5','LUIS DAMIÁN','POBLETE','YAÑÉZ','2006-10-23',8,NULL,'LAS ILUSIONES','a','POBLETE','53470690',NULL,NULL,NULL,NULL),(159,'22370006-3','MATÍAS IGNACIO','PROVOSTE','BENÍTEZ','2007-03-24',8,NULL,'JUAN PABLO II','a','PROVOSTE','99308885',NULL,NULL,NULL,NULL),(160,'22309040-0','DANIELA ALEJANDRA','SANHUEZA','ARAVENA','2007-01-16',8,NULL,'PASAJE LEFUCO','a','SANHUEZA','9556614',NULL,NULL,NULL,NULL),(161,'22309643-3','AGUSTINA PAZ','VENEGAS','BARRA','2007-01-16',8,NULL,'LOS PENSAMIENTOS','a','VENEGAS','71981760',NULL,NULL,NULL,NULL),(162,'22098191-6','MATÍAS IGNACIO','CASTILLO','GATICA','2006-04-10',8,NULL,'PASAJE MALALCAHUELLO 271, VILLA LAS TERMAS','a','CASTILLO','',NULL,NULL,NULL,NULL),(163,'21804330-5','RAÚL JEAN PIERRE','SÁNCHEZ','RIVAS','2005-03-16',8,NULL,'FRANCISCO LIEMPI 806, POBLACIÓN LOS CACIQUES','a','SÁNCHEZ','',NULL,NULL,NULL,NULL),(164,'22066516-K','SEBASTIÁN IGNACIO','ALEGRÍA','TORRES','2006-03-03',9,NULL,'VILLA LOS VOLCANES 964','a','ALEGRÍA','90515882',NULL,NULL,NULL,NULL),(165,'22092312-6','BENJAMÍN IGNACIO','GARCÍA','DIEZ','2006-04-05',9,NULL,'18 DE SEPTIEMBRE','a','GARCÍA','61047972',NULL,NULL,NULL,NULL),(166,'21966904-6','LUIS FELIPE','CASTILLO','CARRASCO','2005-10-26',9,NULL,'7 ORIENTE 105','a','CASTILLO','66219090',NULL,NULL,NULL,NULL),(167,'21949639-7','MATÍAS FRANCISCO','ACUÑA','CAMPOS','2005-10-01',9,NULL,'AVENIDA PÉREZ CANTO 670','a','ACUÑA','',NULL,NULL,NULL,NULL),(168,'21988729-9','KARLA VALENTINA','ÁLVAREZ','LAGOS','2005-11-22',9,NULL,'AVENIDA PÉREZ CANTO 740','a','ÁLVAREZ','',NULL,NULL,NULL,NULL),(169,'21997598-8','JOAQUÍN EDUARDO','BELTRÁN','VERGARA','2005-12-07',9,NULL,'CAMILO HENRÍQUEZ 1032','a','BELTRÁN','',NULL,NULL,NULL,NULL),(170,'21477444-5','NICOLÁS GERARDO','BENÍTEZ','GARRIDO','2003-12-31',9,NULL,'PISAGUA Nº 655','a','BENÍTEZ','96517411',NULL,NULL,NULL,NULL),(171,'21997894-4','SARA ESTER','FERNÁNDEZ','MALDONADO','2005-12-08',9,NULL,'SECTOR TRAHUILCO','a','FERNÁNDEZ','',NULL,NULL,NULL,NULL),(172,'22073954-6','CAMILA FLORENCIA','GANGAS','BARRA','2006-03-14',9,NULL,'FUNDO RÍO NEGRO','a','GANGAS','',NULL,NULL,NULL,NULL),(173,'22073957-0','LUIS FELIPE','GANGAS','BARRA','2006-03-14',9,NULL,'FUNDO RÍO NEGRO','a','GANGAS','',NULL,NULL,NULL,NULL),(174,'22136200-4','LAURA PAZ','SEPÚLVEDA','CELEDÓN','2006-06-08',9,NULL,'CAMILO HENRIQUEZ 920','a','SEPÚLVEDA','',NULL,NULL,NULL,NULL),(175,'22135752-3','STEFANIA BELÉN','VALERIA','LEVIO','2006-05-31',9,NULL,'PISAGUA 554','a','VALERIA','',NULL,NULL,NULL,NULL),(176,'21899022-3','LUIS EDUARDO','GARRIDO','SÁNCHEZ','2005-07-29',9,NULL,'HIJUELA MANZANAR CÓRDOVA','a','GARRIDO','',NULL,NULL,NULL,NULL),(177,'21930312-2','KRISCHNA DAMARIS','PEREZ','BURGOS','2005-09-08',9,NULL,'EDMUNDO BIDEGAÍN 237, POBLACIÓN PADRE JUAN','a','PEREZ','',NULL,NULL,NULL,NULL),(178,'21941960-0','ESTEBAN ANTONIO','SAAVEDRA','DÍAZ','2005-09-19',9,NULL,'SARGENTO ALDEA 298','a','SAAVEDRA','7851179',NULL,NULL,NULL,NULL),(179,'22045001-5','MARTINA IGNACIA','CERDA','FONTEALBA','2006-02-03',9,NULL,'','a','CERDA','',NULL,NULL,NULL,NULL),(180,'21893447-1','SEBASTIÁN ALEXIS CRISTHIAN','GONZÁLEZ','OLIVEROS','2005-07-25',9,NULL,'PUERTO CURTZE 15538','a','GONZÁLEZ','',NULL,NULL,NULL,NULL),(181,'21753349-K','JOSÉ LUIS','ESCOBAR','GONZÁLEZ','2004-11-10',10,NULL,'CAMINO MANZANAR, EL GUAPE','a','ESCOBAR','74810868',NULL,NULL,NULL,NULL),(182,'22101313-1','ANTONIA CATALINA','TORRES','SEPÚLVEDA','2006-04-21',10,NULL,'LANGDON 10 Nº 660, VILLA LANGDON','a','TORRES','82231492',NULL,NULL,NULL,NULL),(183,'21949655-9','JORGE EDUARDO','ACUÑA','CAMPOS','2005-10-01',10,NULL,'AVENIDA PÉREZ CANTO 670','a','ACUÑA','',NULL,NULL,NULL,NULL),(184,'22135733-7','CHRISTOPHER ALEXANDER','ARÓSTICA','ARAYA','2006-06-08',10,NULL,'J. MEEZ','a','ARÓSTICA','76607028',NULL,NULL,NULL,NULL),(185,'21753743-6','MATÍAS IGNACIO','JIMÉNEZ','BUSTAMANTE','2005-01-16',10,NULL,'FUNDO SANTA MARIA','a','JIMÉNEZ','81942406',NULL,NULL,NULL,NULL),(186,'22105130-0','YAREN DEL CARMEN','LABRÍN','MELLA','2006-04-26',10,NULL,'ARAUCO 566','a','LABRÍN','68110749',NULL,NULL,NULL,NULL),(187,'21972428-4','VALENTINA SIMONEY','LAGOS','JIMÉNEZ','2005-11-07',10,NULL,'PRAT 1453','a','LAGOS','68296773',NULL,NULL,NULL,NULL),(188,'22092081-K','GIANELLA SOLEDAD','LEIVA','JARA','2006-03-07',10,NULL,'CIPRE 150','a','LEIVA','6439056',NULL,NULL,NULL,NULL),(189,'22082884-0','FERNANDA NOEMI','PINO','HURTADO','2006-03-28',10,NULL,'LOS ARENALES','a','PINO','84274445',NULL,NULL,NULL,NULL),(190,'22009607-6','ALEX GIOVANI','SANDOVAL','OÑATE','2005-12-23',10,NULL,'EL ROBLE','a','SANDOVAL','67017526',NULL,NULL,NULL,NULL),(191,'22130713-5','DIEGO ANDRÉS','SEPÚLVEDA','FERNÁNDEZ','2006-06-04',10,NULL,'YUNGAY','a','SEPÚLVEDA','97573649',NULL,NULL,NULL,NULL),(192,'22031458-8','ANGELA BELÉN','BELTRÁN','SALAZAR','2006-01-27',10,NULL,'MIRAFLORES','a','BELTRÁN','89880536',NULL,NULL,NULL,NULL),(193,'21971156-5','CAROLINA SOLEDAD','BURGOS','QUEZADA','2005-10-25',10,NULL,'JUAN MEEZ 323, POBLACIÓN PADRE JUAN','a','BURGOS','',NULL,NULL,NULL,NULL),(194,'22121094-8','MAGDALENA ANTONIA','CARO','LAGOS','2006-05-18',10,NULL,'PEDRO VIDEGAIN','a','CARO','67109277',NULL,NULL,NULL,NULL),(195,'21744867-0','CONSTANZA BELÉN','COLICHEO','CASTRO','2005-01-03',10,NULL,'JUAN MES Nº 313 VILLA PADRE JUAN','a','COLICHEO','79521542',NULL,NULL,NULL,NULL),(196,'21879097-6','CLAUDIA VERÓNICA','FIERRO','GONZÁLEZ','2005-06-26',10,NULL,'PRAT 1527','a','FIERRO','78138899',NULL,NULL,NULL,NULL),(197,'22016285-0','AYINRAY','HUICHALAO','LUMAN','2006-01-08',10,NULL,'','a','HUICHALAO','',NULL,NULL,NULL,NULL),(198,'22034596-3','MATÍAS JOAQUÍN','IBARRA','MARABOLÍ','2006-01-28',10,NULL,'HIJUELA SAN PABLO SECTOR LEFUCO','a','IBARRA','1776508',NULL,NULL,NULL,NULL),(199,'22058742-8','FRANCISCA ISIDORA','BAEZA','PARRA','2006-02-23',10,NULL,'Mª AUXILIADORA 872 DEPTO. B 407','a','BAEZA','95922148',NULL,NULL,NULL,NULL),(200,'21965902-4','SEBASTIÁN EDUARDO','PEREDA','TORRES','2005-10-27',10,NULL,'FUNDO LA ESPERANZA','a','PEREDA','',NULL,NULL,NULL,NULL),(201,'21670494-0','MATÍAS ISAAC','ESCOBAR','CURIQUEO','2004-09-30',11,NULL,'QUILLEM','a','ESCOBAR','99626962',NULL,NULL,NULL,NULL),(202,'21708890-9','CATALINA BELÉN','GUTIÉRREZ','CARMINE','2004-11-19',11,NULL,'PJE. RIO BLANCO Nº 03 - VILLA LOS RIOS','a','GUTIÉRREZ','2303726',NULL,NULL,NULL,NULL),(203,'21877226-9','JAVIER IGNACIO','MALDONADO','ALBARRACÍN','2005-06-22',11,NULL,'21 DE MAYO Nº 96 P. LLAIMA','a','MALDONADO','',NULL,NULL,NULL,NULL),(204,'21876429-0','AGUSTÍN IGNACIO','BARRIGA','GUERRA','2005-06-27',11,NULL,'','a','BARRIGA','',NULL,NULL,NULL,NULL),(205,'21670939-K','NAYADETH FRANCISCA','BUSTAMANTE','FAÚNDEZ','2004-09-30',11,NULL,'MACONDO','a','BUSTAMANTE','',NULL,NULL,NULL,NULL),(206,'21819914-3','MIGUEL ALEJANDRO','CAMPOS','MARCHANT','2005-04-03',11,NULL,'POBLACION MANUEL RODRÍGUEZ 3 ORIENTE','a','CAMPOS','61268143',NULL,NULL,NULL,NULL),(207,'21618940-K','GABRIELA MILLARAY','CARRASCO','CATALÁN','2004-07-07',11,NULL,'EL ROBLE 910','a','CARRASCO','',NULL,NULL,NULL,NULL),(208,'21671185-8','JAVIERA ANTONIA','CHÁVEZ','BUSTOS','2004-09-19',11,NULL,'RIQUELME 701','a','CHÁVEZ','',NULL,NULL,NULL,NULL),(209,'21791606-2','JORDÁN RODRIGO','FLORES','SANDOVAL','2005-03-11',11,NULL,'HUENTECOL CHEUQUEPAN','a','FLORES','67211454',NULL,NULL,NULL,NULL),(210,'21847113-7','JOAN ENRIQUE','HUENCHUPÁN','ALBORNOZ','2005-05-23',11,NULL,'LOS PENSAMIENTOS 258 VILLA LAS FLORES','a','HUENCHUPÁN','',NULL,NULL,NULL,NULL),(211,'21211408-1','ESTEBAN IGNACIO','MARTÍNEZ','LABRÍN','2003-01-04',11,NULL,'RIQUELME 447','a','MARTÍNEZ','97281239',NULL,NULL,NULL,NULL),(212,'21656037-K','IGNACIA MONSERRAT','MONTES','GUTIÉRREZ','2004-08-26',11,NULL,'VIDELA 640','a','MONTES','',NULL,NULL,NULL,NULL),(213,'21858944-8','SOFÍA JAVIERA','MONTESINOS','CERDA','2005-06-04',11,NULL,'LUIS ACUÑA 271, POBLACIÓN PADRE JUAN','a','MONTESINOS','',NULL,NULL,NULL,NULL),(214,'21718005-8','JOSÉ GAMALIER','RIVERA','MOLINA','2004-12-02',11,NULL,'V, DÑA ESTER II PJE ALEMANIA 0420','a','RIVERA','87401897',NULL,NULL,NULL,NULL),(215,'21851923-7','BELÉN CONSTANZA','SOTO','RODRÍGUEZ','2005-06-06',11,NULL,'EL ARRAYAN','a','SOTO','92108856',NULL,NULL,NULL,NULL),(216,'21819041-3','NICOLÁS MARCELO','TORRES','FLORES','2005-04-12',11,NULL,'A. DIAZ MARTINEZ 206 POB. EL ESFUERZO','a','TORRES','',NULL,NULL,NULL,NULL),(217,'21607679-6','MARIELA JACOBE','TRONCOSO','TRONCOSO','2004-06-30',11,NULL,'21 DE MAYO Nº60 POBLACION LLAIMA','a','TRONCOSO','93804401',NULL,NULL,NULL,NULL),(218,'21653908-7','MATÍAS ESTEBAN','VÁSQUEZ','GODOY','2004-08-27',11,NULL,'RIQUELME 341','a','VÁSQUEZ','93731142',NULL,NULL,NULL,NULL),(219,'21843108-9','CRISTIAN ALEJANDRO','BASCUR','RIQUELME','2005-05-21',11,NULL,'8 ORIENTE 160','a','BASCUR','',NULL,NULL,NULL,NULL),(220,'21831923-8','FELIPE ALBERTO','PACHECO','MORALES','2005-05-06',11,NULL,'JUAN PABLO II HENRIQUEZ','a','PACHECO','94089180',NULL,NULL,NULL,NULL),(221,'21631590-1','FLORENCIA ANTONIA','ESPARZA','DOCMAC','2004-07-09',12,NULL,'','a','ESPARZA','',NULL,NULL,NULL,NULL),(222,'21577685-9','NICOLE DENNISE','BARAHONA','FONSECA','2004-05-21',12,NULL,'','a','BARAHONA','',NULL,NULL,NULL,NULL),(223,'21773268-9','XIMENA AYLIN','CANDIA','POZA','2005-02-10',12,NULL,'RIQUELME 1255','a','CANDIA','',NULL,NULL,NULL,NULL),(224,'21863459-1','CATALINA ANDREA','GALLARDO','HUENUHUEQUE','2005-06-15',12,NULL,'LEFUCO 1250 VILLA CAPTREN','a','GALLARDO','',NULL,NULL,NULL,NULL),(225,'21681749-4','GABRIEL ANTONIO','LABRÍN','MELLA','2004-10-02',12,NULL,'ARAUCO 566','a','LABRÍN','',NULL,NULL,NULL,NULL),(226,'21847176-5','SAMUEL AUGUSTO','LAGOS','OÑATE','2005-05-25',12,NULL,'ARICA 733','a','LAGOS','',NULL,NULL,NULL,NULL),(227,'21873383-2','BRAYAN ÁLVARO','MATAMALA','VALENZUELA','2005-06-20',12,NULL,'PISAGUA 736','a','MATAMALA','',NULL,NULL,NULL,NULL),(228,'21707811-3','MATÍAS ALEJANDRO','MEIER','DÍAZ','2004-11-15',12,NULL,'MIRAFLORES 360','a','MEIER','',NULL,NULL,NULL,NULL),(229,'21892186-8','DANIELA VALENTINA','MERIÑO','LÓPEZ','2005-06-14',12,NULL,'ESCORIAL 1025','a','MERIÑO','',NULL,NULL,NULL,NULL),(230,'21779582-6','GUILLERMO ENRIQUE TERCERO','ÑIRIPIL','LINCOPÍ','2005-02-13',12,NULL,'LOS MALLINES','a','ÑIRIPIL','',NULL,NULL,NULL,NULL),(231,'21489245-6','BENJAMÍN EDUARDO','PACHECO','GONZÁLEZ','2004-01-14',12,NULL,'RIQUELME 682','a','PACHECO','38777337',NULL,NULL,NULL,NULL),(232,'21772646-8','MATÍAS GABRIEL','PALAVECINO','MATURANA','2005-02-13',12,NULL,'ESCORIAL 999','a','PALAVECINO','',NULL,NULL,NULL,NULL),(233,'21674873-5','MAURICIO IGNACIO','PEREDA','HURTADO','2004-09-30',12,NULL,'PASAJE LONCOCAPIRA','a','PEREDA','',NULL,NULL,NULL,NULL),(234,'21617524-7','ELIACER ALEXIS','RAMIREZ','HENRIQUEZ','2004-07-06',12,NULL,'SECTOR LA TABLA','a','RAMIREZ','88777269',NULL,NULL,NULL,NULL),(235,'21845373-2','FRANCO ESTEBAN','SOTO','SANHUEZA','2005-05-19',12,NULL,'PASAJE JUAN XIII','a','SOTO','',NULL,NULL,NULL,NULL),(236,'21696204-4','CONSTANZA JAVIERA','VALDEBENITO','DÍAZ','2004-09-08',12,NULL,'1 ORIENTE 247 - POB. M. RODRIGUEZ','a','VALDEBENITO','',NULL,NULL,NULL,NULL),(237,'21668067-7','CAMILA ANDREA','FUENTEALBA','VALLEJOS','2004-09-04',12,NULL,'18 DE SEPTIEMBRE 11','a','FUENTEALBA','',NULL,NULL,NULL,NULL),(238,'21843068-6','LUIS IGNACIO','BASCUR','RIQUELME','2005-05-21',12,NULL,'8 ORIENTE 160','a','BASCUR','',NULL,NULL,NULL,NULL),(239,'21757795-0','BENJAMÍN SEBASTIÁN MARCELO','INOSTROZA','BRITO','2005-01-19',12,NULL,'CALLE SIRIA 2652 DPTO. C','a','INOSTROZA','86042067',NULL,NULL,NULL,NULL),(240,'21687272-K','KAMILA BELÉN ANTONIA','VENEGAS','MUÑOZ','2004-10-19',12,NULL,'AVDA. ARTURO PRAT - MALALHUE','a','VENEGAS','71441013',NULL,NULL,NULL,NULL),(241,'21211794-3','MICHELLE ALEJANDRA','ABURTO','ZURITA','2003-01-13',13,NULL,'ESCORIA 976 VILLA CAPTREN','a','ABURTO','99703326',NULL,NULL,NULL,NULL),(242,'21375900-0','CAROLINA FERNANDA','AMBIADO','ALVARADO','2003-08-18',13,NULL,'1 NORTE 548 VILLA LAS FLORES','a','AMBIADO','',NULL,NULL,NULL,NULL),(243,'21089556-6','JOHN POUL','AMBIADO','ALVARADO','2002-08-15',13,NULL,'UNO NORTE 548 VILLA LAS FLKORES','a','AMBIADO','',NULL,NULL,NULL,NULL),(244,'21359246-7','ÁLVARO IGNACIO','AVENDAÑO','CHEUQUEL','2003-08-01',13,NULL,'PARCELA Nº 15','a','AVENDAÑO','56426038',NULL,NULL,NULL,NULL),(245,'21595821-3','JOSEFA VALENTINA','CIFUENTES','URRUTIA','2004-06-11',13,NULL,'EL RAULI','a','CIFUENTES','94274171',NULL,NULL,NULL,NULL),(246,'20966285-K','FABIÁN FERNANDO','COLICHEO','CASTRO','2002-01-27',13,NULL,'CENTENARIO 855','a','COLICHEO','',NULL,NULL,NULL,NULL),(247,'21445538-2','BASTIAN BLADIMIR ANTONIO','FAÚNDEZ','SAN MARTÍN','2003-11-19',13,NULL,'RIQUELME','a','FAÚNDEZ','72511362',NULL,NULL,NULL,NULL),(248,'21523725-7','ANTONIA IGNACIA','GUTIÉRREZ','CARRASCO','2004-03-08',13,NULL,'LAUTARO 302','a','GUTIÉRREZ','',NULL,NULL,NULL,NULL),(249,'21417932-6','JAHZEEL ELIECER','JARA','MORA','2003-10-08',13,NULL,'MANZANAR','a','JARA','92530946',NULL,NULL,NULL,NULL),(250,'21404616-4','ROCIO CATALINA','MOLINA','MORALES','2003-09-27',13,NULL,'EL ROBLE','a','MOLINA','93629527',NULL,NULL,NULL,NULL),(251,'21468213-3','DAVID ALBERTO','PAINE','SAAVEDRA','2003-12-14',13,NULL,'TERMAS DE RÍO BLANCO','a','PAINE','54257098',NULL,NULL,NULL,NULL),(252,'21048691-7','ALEX SEBASTIÁN','PALAVECINO','MATURANA','2002-11-18',13,NULL,'ESCORIAL','a','PALAVECINO','96505586',NULL,NULL,NULL,NULL),(253,'21443106-8','FERNANDA ANDREA','PINILLA','PINILLA','2003-11-07',13,NULL,'CARRERA','a','PINILLA','62591572',NULL,NULL,NULL,NULL),(254,'21430376-0','YARITZA ESMERALDA','POLANCO','LAGOS','2003-10-26',13,NULL,'AVDA. PEREZ CANTO','a','POLANCO','91201712',NULL,NULL,NULL,NULL),(255,'21596045-5','VALENTINA NICOLE','TRONCOSO','CONCHA','2004-06-07',13,NULL,'RIQUELME','a','TRONCOSO','90583266',NULL,NULL,NULL,NULL),(256,'20999733-9','PATRICK NICOLÁS','TRONCOSO','VOGT','2002-04-12',13,NULL,'PRAT 1070','a','TRONCOSO','93470867',NULL,NULL,NULL,NULL),(257,'21149979-6','DILAN EDISON GUILLERMO','VALENZUELA','SÁNCHEZ','2002-10-07',13,NULL,'18 DE SEPTIEMBRE','a','VALENZUELA','50366077',NULL,NULL,NULL,NULL),(258,'21394211-5','YANARA SARAI','VALERIA','LEVIO','2003-09-09',13,NULL,'VENUS','a','VALERIA','50219018',NULL,NULL,NULL,NULL),(259,'21137894-8','GERARDO BELARMIN','JARA','TRONCOSO','2002-09-23',13,NULL,'B. HUENCHUPAN. 899 POBL. LOS COIHUES','a','JARA','86098244',NULL,NULL,NULL,NULL),(260,'20412257-1','ELISEO GABRIEL','SEPÚLVEDA','HUENUHUEQUE','2000-03-23',13,NULL,'','a','SEPÚLVEDA','',NULL,NULL,NULL,NULL),(261,'21048762-K','VANESA OLIVIA','DÍAZ','CABRERA','2003-08-28',13,NULL,'','a','DÍAZ','',NULL,NULL,NULL,NULL),(262,'21410722-8','LEANDRO ESTEBAN','PEÑAILILLO','HENRÍQUEZ','2003-10-09',13,NULL,'','a','PEÑAILILLO','',NULL,NULL,NULL,NULL),(263,'21172636-9','NOEMÍ ANDREA','MORALES','ZAPATA','2003-08-03',14,NULL,'ENRIQUE YAÑEZ 1131 MATÍAS MADARIAGA II','a','MORALES','',NULL,NULL,NULL,NULL),(264,'21558322-8','CAMILA IGNACIA','ALVARADO','HERNÁNDEZ','2004-04-16',14,NULL,'ARAUCO','a','ALVARADO','68123888',NULL,NULL,NULL,NULL),(265,'21532648-9','JOSÉ IGNACIO','CASTILLO','GARRIDO','2004-03-13',14,NULL,'BENANCIO HUENCHUPAN','a','CASTILLO','86595114',NULL,NULL,NULL,NULL),(266,'100276010-6','INTI NAHIR','DA ROSA','FUENTES','2004-05-07',14,NULL,'','a','DA ROSA','',NULL,NULL,NULL,NULL),(267,'21409727-3','DIEGO ALEXIS','FIGUEROA','FIGUEROA','2003-09-29',14,NULL,'ARTURO PRAT','a','FIGUEROA','78180179',NULL,NULL,NULL,NULL),(268,'21477125-K','BENJAMÍN ANDRÉS','GUALA','MANRÍQUEZ','2003-12-25',14,NULL,'EL ROBLE 960 POBLACIÓN PEHUÉN','a','GUALA','78256973',NULL,NULL,NULL,NULL),(269,'21429634-9','CAMILA JAVIERA','GUTIÉRREZ','BARROS','2003-08-15',14,NULL,'PASAJE EL SALVADOR','a','GUTIÉRREZ','54355493',NULL,NULL,NULL,NULL),(270,'21405639-9','KRISTHELL CAMILA','HURTADO','CAMPOS','2003-09-29',14,NULL,'CALLE 1','a','HURTADO','50699112',NULL,NULL,NULL,NULL),(271,'21503762-2','NATALIA CAROLINA','LÓPEZ','PINO','2004-02-01',14,NULL,'JOSE Mª CARO','a','LÓPEZ','56539429',NULL,NULL,NULL,NULL),(272,'21463730-8','BASTIÁN BENJAMÍN','MERIÑO','VÁSQUEZ','2003-12-13',14,NULL,'EL ROBLE 970 VILLA PEHUEN','a','MERIÑO','',NULL,NULL,NULL,NULL),(273,'21595532-K','KASSANDRA PALOMA','OSSES','SOTO','2004-06-06',14,NULL,'PASAJE QUEULE','a','OSSES','62787575',NULL,NULL,NULL,NULL),(274,'20493725-7','NICOLÁS ANTONIO','POBLETE','TRONCOZO','2001-01-04',14,NULL,'PRAT 1259','a','POBLETE','',NULL,NULL,NULL,NULL),(275,'21048699-2','JUAN CARLOS ANDRÉS','SAN MARTÍN','FERNÁNDEZ','2003-01-05',14,NULL,'EL RAULI','a','SAN MARTÍN','82053822',NULL,NULL,NULL,NULL),(276,'21379161-3','FERNANDA JAVIERA','VALDEBENITO','JARA','2003-09-02',14,NULL,'SANTA EMMA SUR','a','VALDEBENITO','72728571',NULL,NULL,NULL,NULL),(277,'21007959-9','JOSÉ ANGEL','JARA','VARGAS','2002-04-22',14,NULL,'SANTA EMMA','a','JARA','',NULL,NULL,NULL,NULL),(278,'21561914-1','LORENZO ANDRÉS','GÓMEZ','BELTRÁN','2004-05-01',14,NULL,'LOS PRADOS 135 VILLA JUAN MOSSO','a','GÓMEZ','89876791',NULL,NULL,NULL,NULL),(279,'21048750-6','NICOLÁS ANÍBAL','HENRÍQUEZ','FERNÁNDEZ','2003-07-23',14,NULL,'ANGELO SODANO 140','a','HENRÍQUEZ','',NULL,NULL,NULL,NULL),(280,'21437087-5','JENNIFER IGNACIA','MUÑOZ','TAPIA','2003-10-24',14,NULL,'ARICA 845','a','MUÑOZ','',NULL,NULL,NULL,NULL),(281,'21603436-8','PAMELA ISABEL','VIELMA','DÍAZ','2004-06-22',14,NULL,'','a','VIELMA','',NULL,NULL,NULL,NULL),(282,'21594707-6','PAZ CATALINA','ARÁNGUIZ','ROSALES','2004-06-12',14,NULL,'PRAT 1489','a','ARÁNGUIZ','',NULL,NULL,NULL,NULL),(283,'21223127-4','ROBERTO JESÚS SEBASTIÁN','RODRÍGUEZ','REYES','2003-01-26',15,NULL,'LUIS CRUZ MARTINEZ 340','a','RODRÍGUEZ','',NULL,NULL,NULL,NULL),(284,'21206392-4','SOFÍA VALENTINA','SANTIBÁÑEZ','SEPÚLVEDA','2002-12-02',15,NULL,'JARDINES DE DON ARMANDO 619','a','SANTIBÁÑEZ','',NULL,NULL,NULL,NULL),(285,'21188436-3','GRACIANY SEBASTIÁN','BAEZA','JARA','2002-11-30',15,NULL,'EL CIPRES Nº 50','a','BAEZA','',NULL,NULL,NULL,NULL),(286,'21157547-6','SEBASTIÁN ALEJANDRO','BARRÍA','SANHUEZA','2002-10-24',15,NULL,'CALLEJON SIN NOMBRE','a','BARRÍA','63332177',NULL,NULL,NULL,NULL),(287,'20979675-9','JASMÍN FRANCISCA','BELTRÁN','SALAZAR','2002-11-16',15,NULL,'MIRAFLORES','a','BELTRÁN','83983836',NULL,NULL,NULL,NULL),(288,'21159793-3','YASNA BELÉN','CHEUQUEPÁN','HUENCHULAO','2002-10-29',15,NULL,'SECTOR COLLICO','a','CHEUQUEPÁN','62781702',NULL,NULL,NULL,NULL),(289,'21048726-3','PEDRO CÉSAR','CONCHA','VALENZUELA','2003-04-19',15,NULL,'LAS QUILAS','a','CONCHA','',NULL,NULL,NULL,NULL),(290,'20493884-9','ANDRÉS JAVIER','GODOY','INOSTROZA','2002-05-28',15,NULL,'SILVENIO RAMIREZ N° 152 POBL. PADRE JUAN','a','GODOY','79397970',NULL,NULL,NULL,NULL),(291,'21014776-4','SEBASTIÁN MOISÉS','HENRÍQUEZ','ALBARRACÍN','2002-05-07',15,NULL,'PASAJE VENUS','a','HENRÍQUEZ','94151130',NULL,NULL,NULL,NULL),(292,'20493906-3','LAURA CATALINA','HENRÍQUEZ','PEÑAILILLO','2002-08-03',15,NULL,'CARRERA','a','HENRÍQUEZ','77531446',NULL,NULL,NULL,NULL),(293,'20493907-1','FERNANDA JESÚS','HERMOSILLA','SAN MARTÍN','2002-08-03',15,NULL,'IQUIQUE 746','a','HERMOSILLA','95684245',NULL,NULL,NULL,NULL),(294,'20493902-0','CRISTIAN ENRIQUE','HUENCHULAO','CHEUQUEPÁN','2002-07-16',15,NULL,'SECTOR COLLICO','a','HUENCHULAO','54704439',NULL,NULL,NULL,NULL),(295,'21186600-4','JAVIERA BELÉN','JARA','VILLARROEL','2002-10-22',15,NULL,'PABLO VI 210 V. JUAN PABLO SEGUNDO','a','JARA','78201861',NULL,NULL,NULL,NULL),(296,'21090688-6','JONATHAN GABRIEL','SANDOVAL','CARRASCO','2002-08-10',15,NULL,'LINGUE 185 POBL. PEHUEN','a','SANDOVAL','89957407',NULL,NULL,NULL,NULL),(297,'21150270-3','DUVAN VÍCTOR GUILLERMO','VALENZUELA','SÁNCHEZ','2002-10-07',15,NULL,'18 DE SEPTIEMBRE','a','VALENZUELA','50366072',NULL,NULL,NULL,NULL),(298,'21027499-5','DAYANA ANDREA','VENEGAS','ZÚÑIGA','2002-05-19',15,NULL,'CAUPOLICAN 632','a','VENEGAS','91023329',NULL,NULL,NULL,NULL),(299,'21252208-2','STEPHANIA SOLEDAD','VILLA','MARÍN','2003-02-24',15,NULL,'LAS MARAVILLAS','a','VILLA','94800047',NULL,NULL,NULL,NULL),(300,'21048713-1','KEVIN IGNACIO','SILVA','MUÑOZ','2003-01-05',15,NULL,'LOS ARENALES Nº 30','a','SILVA','',NULL,NULL,NULL,NULL),(301,'20921351-6','KATIA ALEXANDRA','VALENZUELA','MUÑOZ','2001-12-01',15,NULL,'CALAMA','a','VALENZUELA','',NULL,NULL,NULL,NULL),(302,'21048672-0','CRISTIAN GONZALO','SAN JUAN','URRUTIA','2002-09-25',15,NULL,'ARMANDO OYARZUN Nº 1008 QUINTA RAMOS','a','SAN JUAN','',NULL,NULL,NULL,NULL),(303,'20927282-2','LUIS JEFERSON','QUIÑINAO','VELÁSQUEZ','2002-11-08',16,NULL,'','a','QUIÑINAO','',NULL,NULL,NULL,NULL),(304,'20493903-9','DANIEL ESTEBAN','CANDIA','CANDIA','2002-06-27',16,NULL,'SECTOR LA TEPA','a','CANDIA','',NULL,NULL,NULL,NULL),(305,'21048745-K','CARLA VANESA','BARRA','NEIRA','2003-06-08',16,NULL,'SERRANO 847','a','BARRA','68252958',NULL,NULL,NULL,NULL),(306,'20412025-0','BÉLGICA ANDREA','CABEZAS','SALAZAR','1999-12-27',16,NULL,'SERRANO 783','a','CABEZAS','',NULL,NULL,NULL,NULL),(307,'21048707-7','CINTHYA FLAVIANA','CID','ANGULO','2003-02-05',16,NULL,'CARRERA 1367','a','CID','78022736',NULL,NULL,NULL,NULL),(308,'21216007-5','JAVIERA FERNANDA','CISTERNA','MORALES','2003-01-08',16,NULL,'CARRERA 1367','a','CISTERNA','78022736',NULL,NULL,NULL,NULL),(309,'21083857-0','JOSÉ IGNACIO','DIAZ','CONTRERAS','2002-07-30',16,NULL,'LYNCH','a','DIAZ','87178589',NULL,NULL,NULL,NULL),(310,'20493729-K','DAVID ALAMIRO','DÍAZ','INOSTROZA','2001-01-11',16,NULL,'PASAJE LINGUE','a','DÍAZ','79191430',NULL,NULL,NULL,NULL),(311,'20493850-4','BRENDA IGNACIA','FERNÁNDEZ','FLORES','2002-01-18',16,NULL,'21 DE MAYO 826','a','FERNÁNDEZ','9470572',NULL,NULL,NULL,NULL),(312,'21299432-4','KATERINE MARISOL','FERNÁNDEZ','JARA','2003-05-14',16,NULL,'CALAMA','a','FERNÁNDEZ','',NULL,NULL,NULL,NULL),(313,'21048737-9','PABLO ELÍAS','FERNÁNDEZ','MALDONADO','2003-04-23',16,NULL,'SECTOR TRHUILCO','a','FERNÁNDEZ','86734901',NULL,NULL,NULL,NULL),(314,'21306524-6','FRANCISCO JERMAN','FUENTEALBA','VENEGAS','2003-05-07',16,NULL,'ELRAULI 1045 VILLA PEHUEN','a','FUENTEALBA','88153898',NULL,NULL,NULL,NULL),(315,'20157759-4','JAMILET FERNANDA','HENRÍQUEZ','HENRÍQUEZ','2000-11-06',16,NULL,'','a','HENRÍQUEZ','',NULL,NULL,NULL,NULL),(316,'21176729-4','BETSABÉ SARAI','MOLINA','MARCHANT','2002-11-08',16,NULL,'CARRERA 929','a','MOLINA','78889033',NULL,NULL,NULL,NULL),(317,'21048734-4','MATÍAS ERNESTO','MORA','MARABOLÍ','2003-05-11',16,NULL,'CAUPOLICAN','a','MORA','87932025',NULL,NULL,NULL,NULL),(318,'21048710-7','DANIEL ALEJANDRO','MORA','SALAZAR','2003-02-20',16,NULL,'PASAJE VENUS','a','MORA','77520965',NULL,NULL,NULL,NULL),(319,'21048676-3','JAVIERA IGNACIA','MORALES','CANDIA','2002-09-29',16,NULL,'RIQUELME 1272','a','MORALES','',NULL,NULL,NULL,NULL),(320,'21292942-5','GISSELA BELÉN','NAHUEL','MUÑOZ','2003-05-02',16,NULL,'Q. LOPEZ 819 POBL. LOS CACIQUES','a','NAHUEL','78665278',NULL,NULL,NULL,NULL),(321,'21048686-0','NATALIA ESTEFANI','SAAVEDRA','INOSTROZA','2002-11-14',16,NULL,'SARGENTO ALDEA','a','SAAVEDRA','85979943',NULL,NULL,NULL,NULL),(322,'22048519-6','ERIC LEANDRO','SANCHEZ','IBAÑEZ','2002-08-26',16,NULL,'POBL. PABLO II PASAJE ASONDO 110','a','SANCHEZ','',NULL,NULL,NULL,NULL),(323,'21185636-K','FERNANDA EMILIA','VILLALOBOS','JARA','2002-11-25',16,NULL,'JUAN MESS','a','VILLALOBOS','99341866',NULL,NULL,NULL,NULL),(324,'20560269-0','JONATHAN ALEJANDRO ANTONIO','CARMONA','CANCINO','2001-11-10',16,NULL,'SANTA EMMA','a','CARMONA','',NULL,NULL,NULL,NULL),(343,'111','r','m','s','20170822',1,NULL,'sd','s','ss','s',NULL,NULL,NULL,NULL),(344,'1','a','b','c','20081002',1,NULL,'q','s','t','3',NULL,NULL,NULL,NULL),(345,'123','rr','dd','d','20080101',1,NULL,'weqe11','dd','dd','ddd22',NULL,NULL,NULL,NULL);
/*!40000 ALTER TABLE `alumno` ENABLE KEYS */;
UNLOCK TABLES;

--
-- Table structure for table `comuna`
--

DROP TABLE IF EXISTS `comuna`;
/*!40101 SET @saved_cs_client     = @@character_set_client */;
/*!40101 SET character_set_client = utf8 */;
CREATE TABLE `comuna` (
  `comuna_id` int(11) NOT NULL AUTO_INCREMENT,
  `comuna_nombre` varchar(64) NOT NULL,
  `provincia_id` int(11) NOT NULL,
  PRIMARY KEY (`comuna_id`)
) ENGINE=InnoDB AUTO_INCREMENT=346 DEFAULT CHARSET=utf8;
/*!40101 SET character_set_client = @saved_cs_client */;

--
-- Dumping data for table `comuna`
--

LOCK TABLES `comuna` WRITE;
/*!40000 ALTER TABLE `comuna` DISABLE KEYS */;
INSERT INTO `comuna` VALUES (1,'Arica',1),(2,'Camarones',1),(3,'General Lagos',2),(4,'Putre',2),(5,'Alto Hospicio',3),(6,'Iquique',3),(7,'Camiña',4),(8,'Colchane',4),(9,'Huara',4),(10,'Pica',4),(11,'Pozo Almonte',4),(12,'Antofagasta',5),(13,'Mejillones',5),(14,'Sierra Gorda',5),(15,'Taltal',5),(16,'Calama',6),(17,'Ollague',6),(18,'San Pedro de Atacama',6),(19,'María Elena',7),(20,'Tocopilla',7),(21,'Chañaral',8),(22,'Diego de Almagro',8),(23,'Caldera',9),(24,'Copiapó',9),(25,'Tierra Amarilla',9),(26,'Alto del Carmen',10),(27,'Freirina',10),(28,'Huasco',10),(29,'Vallenar',10),(30,'Canela',11),(31,'Illapel',11),(32,'Los Vilos',11),(33,'Salamanca',11),(34,'Andacollo',12),(35,'Coquimbo',12),(36,'La Higuera',12),(37,'La Serena',12),(38,'Paihuaco',12),(39,'Vicuña',12),(40,'Combarbalá',13),(41,'Monte Patria',13),(42,'Ovalle',13),(43,'Punitaqui',13),(44,'Río Hurtado',13),(45,'Isla de Pascua',14),(46,'Calle Larga',15),(47,'Los Andes',15),(48,'Rinconada',15),(49,'San Esteban',15),(50,'La Ligua',16),(51,'Papudo',16),(52,'Petorca',16),(53,'Zapallar',16),(54,'Hijuelas',17),(55,'La Calera',17),(56,'La Cruz',17),(57,'Limache',17),(58,'Nogales',17),(59,'Olmué',17),(60,'Quillota',17),(61,'Algarrobo',18),(62,'Cartagena',18),(63,'El Quisco',18),(64,'El Tabo',18),(65,'San Antonio',18),(66,'Santo Domingo',18),(67,'Catemu',19),(68,'Llaillay',19),(69,'Panquehue',19),(70,'Putaendo',19),(71,'San Felipe',19),(72,'Santa María',19),(73,'Casablanca',20),(74,'Concón',20),(75,'Juan Fernández',20),(76,'Puchuncaví',20),(77,'Quilpué',20),(78,'Quintero',20),(79,'Valparaíso',20),(80,'Villa Alemana',20),(81,'Viña del Mar',20),(82,'Colina',21),(83,'Lampa',21),(84,'Tiltil',21),(85,'Pirque',22),(86,'Puente Alto',22),(87,'San José de Maipo',22),(88,'Buin',23),(89,'Calera de Tango',23),(90,'Paine',23),(91,'San Bernardo',23),(92,'Alhué',24),(93,'Curacaví',24),(94,'María Pinto',24),(95,'Melipilla',24),(96,'San Pedro',24),(97,'Cerrillos',25),(98,'Cerro Navia',25),(99,'Conchalí',25),(100,'El Bosque',25),(101,'Estación Central',25),(102,'Huechuraba',25),(103,'Independencia',25),(104,'La Cisterna',25),(105,'La Granja',25),(106,'La Florida',25),(107,'La Pintana',25),(108,'La Reina',25),(109,'Las Condes',25),(110,'Lo Barnechea',25),(111,'Lo Espejo',25),(112,'Lo Prado',25),(113,'Macul',25),(114,'Maipú',25),(115,'Ñuñoa',25),(116,'Pedro Aguirre Cerda',25),(117,'Peñalolén',25),(118,'Providencia',25),(119,'Pudahuel',25),(120,'Quilicura',25),(121,'Quinta Normal',25),(122,'Recoleta',25),(123,'Renca',25),(124,'San Miguel',25),(125,'San Joaquín',25),(126,'San Ramón',25),(127,'Santiago',25),(128,'Vitacura',25),(129,'El Monte',26),(130,'Isla de Maipo',26),(131,'Padre Hurtado',26),(132,'Peñaflor',26),(133,'Talagante',26),(134,'Codegua',27),(135,'Coínco',27),(136,'Coltauco',27),(137,'Doñihue',27),(138,'Graneros',27),(139,'Las Cabras',27),(140,'Machalí',27),(141,'Malloa',27),(142,'Mostazal',27),(143,'Olivar',27),(144,'Peumo',27),(145,'Pichidegua',27),(146,'Quinta de Tilcoco',27),(147,'Rancagua',27),(148,'Rengo',27),(149,'Requínoa',27),(150,'San Vicente de Tagua Tagua',27),(151,'La Estrella',28),(152,'Litueche',28),(153,'Marchihue',28),(154,'Navidad',28),(155,'Peredones',28),(156,'Pichilemu',28),(157,'Chépica',29),(158,'Chimbarongo',29),(159,'Lolol',29),(160,'Nancagua',29),(161,'Palmilla',29),(162,'Peralillo',29),(163,'Placilla',29),(164,'Pumanque',29),(165,'San Fernando',29),(166,'Santa Cruz',29),(167,'Cauquenes',30),(168,'Chanco',30),(169,'Pelluhue',30),(170,'Curicó',31),(171,'Hualañé',31),(172,'Licantén',31),(173,'Molina',31),(174,'Rauco',31),(175,'Romeral',31),(176,'Sagrada Familia',31),(177,'Teno',31),(178,'Vichuquén',31),(179,'Colbún',32),(180,'Linares',32),(181,'Longaví',32),(182,'Parral',32),(183,'Retiro',32),(184,'San Javier',32),(185,'Villa Alegre',32),(186,'Yerbas Buenas',32),(187,'Constitución',33),(188,'Curepto',33),(189,'Empedrado',33),(190,'Maule',33),(191,'Pelarco',33),(192,'Pencahue',33),(193,'Río Claro',33),(194,'San Clemente',33),(195,'San Rafael',33),(196,'Talca',33),(197,'Arauco',34),(198,'Cañete',34),(199,'Contulmo',34),(200,'Curanilahue',34),(201,'Lebu',34),(202,'Los Álamos',34),(203,'Tirúa',34),(204,'Alto Biobío',35),(205,'Antuco',35),(206,'Cabrero',35),(207,'Laja',35),(208,'Los Ángeles',35),(209,'Mulchén',35),(210,'Nacimiento',35),(211,'Negrete',35),(212,'Quilaco',35),(213,'Quilleco',35),(214,'San Rosendo',35),(215,'Santa Bárbara',35),(216,'Tucapel',35),(217,'Yumbel',35),(218,'Chiguayante',36),(219,'Concepción',36),(220,'Coronel',36),(221,'Florida',36),(222,'Hualpén',36),(223,'Hualqui',36),(224,'Lota',36),(225,'Penco',36),(226,'San Pedro de La Paz',36),(227,'Santa Juana',36),(228,'Talcahuano',36),(229,'Tomé',36),(230,'Bulnes',37),(231,'Chillán',37),(232,'Chillán Viejo',37),(233,'Cobquecura',37),(234,'Coelemu',37),(235,'Coihueco',37),(236,'El Carmen',37),(237,'Ninhue',37),(238,'Ñiquen',37),(239,'Pemuco',37),(240,'Pinto',37),(241,'Portezuelo',37),(242,'Quillón',37),(243,'Quirihue',37),(244,'Ránquil',37),(245,'San Carlos',37),(246,'San Fabián',37),(247,'San Ignacio',37),(248,'San Nicolás',37),(249,'Treguaco',37),(250,'Yungay',37),(251,'Carahue',38),(252,'Cholchol',38),(253,'Cunco',38),(254,'Curarrehue',38),(255,'Freire',38),(256,'Galvarino',38),(257,'Gorbea',38),(258,'Lautaro',38),(259,'Loncoche',38),(260,'Melipeuco',38),(261,'Nueva Imperial',38),(262,'Padre Las Casas',38),(263,'Perquenco',38),(264,'Pitrufquén',38),(265,'Pucón',38),(266,'Saavedra',38),(267,'Temuco',38),(268,'Teodoro Schmidt',38),(269,'Toltén',38),(270,'Vilcún',38),(271,'Villarrica',38),(272,'Angol',39),(273,'Collipulli',39),(274,'Curacautín',39),(275,'Ercilla',39),(276,'Lonquimay',39),(277,'Los Sauces',39),(278,'Lumaco',39),(279,'Purén',39),(280,'Renaico',39),(281,'Traiguén',39),(282,'Victoria',39),(283,'Corral',40),(284,'Lanco',40),(285,'Los Lagos',40),(286,'Máfil',40),(287,'Mariquina',40),(288,'Paillaco',40),(289,'Panguipulli',40),(290,'Valdivia',40),(291,'Futrono',41),(292,'La Unión',41),(293,'Lago Ranco',41),(294,'Río Bueno',41),(295,'Ancud',42),(296,'Castro',42),(297,'Chonchi',42),(298,'Curaco de Vélez',42),(299,'Dalcahue',42),(300,'Puqueldón',42),(301,'Queilén',42),(302,'Quemchi',42),(303,'Quellón',42),(304,'Quinchao',42),(305,'Calbuco',43),(306,'Cochamó',43),(307,'Fresia',43),(308,'Frutillar',43),(309,'Llanquihue',43),(310,'Los Muermos',43),(311,'Maullín',43),(312,'Puerto Montt',43),(313,'Puerto Varas',43),(314,'Osorno',44),(315,'Puero Octay',44),(316,'Purranque',44),(317,'Puyehue',44),(318,'Río Negro',44),(319,'San Juan de la Costa',44),(320,'San Pablo',44),(321,'Chaitén',45),(322,'Futaleufú',45),(323,'Hualaihué',45),(324,'Palena',45),(325,'Aisén',46),(326,'Cisnes',46),(327,'Guaitecas',46),(328,'Cochrane',47),(329,'O\'higgins',47),(330,'Tortel',47),(331,'Coihaique',48),(332,'Lago Verde',48),(333,'Chile Chico',49),(334,'Río Ibáñez',49),(335,'Antártica',50),(336,'Cabo de Hornos',50),(337,'Laguna Blanca',51),(338,'Punta Arenas',51),(339,'Río Verde',51),(340,'San Gregorio',51),(341,'Porvenir',52),(342,'Primavera',52),(343,'Timaukel',52),(344,'Natales',53),(345,'Torres del Paine',53);
/*!40000 ALTER TABLE `comuna` ENABLE KEYS */;
UNLOCK TABLES;

--
-- Table structure for table `curso`
--

DROP TABLE IF EXISTS `curso`;
/*!40101 SET @saved_cs_client     = @@character_set_client */;
/*!40101 SET character_set_client = utf8 */;
CREATE TABLE `curso` (
  `id_curso` int(11) NOT NULL AUTO_INCREMENT,
  `curso` varchar(45) NOT NULL,
  PRIMARY KEY (`id_curso`)
) ENGINE=InnoDB AUTO_INCREMENT=17 DEFAULT CHARSET=utf8;
/*!40101 SET character_set_client = @saved_cs_client */;

--
-- Dumping data for table `curso`
--

LOCK TABLES `curso` WRITE;
/*!40000 ALTER TABLE `curso` DISABLE KEYS */;
INSERT INTO `curso` VALUES (1,'1-A'),(2,'1-B'),(3,'2-A'),(4,'2-B'),(5,'3-A'),(6,'3-B'),(7,'4-A'),(8,'4-B'),(9,'5-A'),(10,'5-B'),(11,'6-A'),(12,'6-B'),(13,'7-A'),(14,'7-B'),(15,'8-A'),(16,'8-B');
/*!40000 ALTER TABLE `curso` ENABLE KEYS */;
UNLOCK TABLES;

--
-- Table structure for table `diagnostico`
--

DROP TABLE IF EXISTS `diagnostico`;
/*!40101 SET @saved_cs_client     = @@character_set_client */;
/*!40101 SET character_set_client = utf8 */;
CREATE TABLE `diagnostico` (
  `id_diagnostico` int(11) NOT NULL,
  `diagnostico` varchar(45) DEFAULT NULL,
  PRIMARY KEY (`id_diagnostico`)
) ENGINE=InnoDB DEFAULT CHARSET=utf8;
/*!40101 SET character_set_client = @saved_cs_client */;

--
-- Dumping data for table `diagnostico`
--

LOCK TABLES `diagnostico` WRITE;
/*!40000 ALTER TABLE `diagnostico` DISABLE KEYS */;
INSERT INTO `diagnostico` VALUES (1,'Sordera'),(2,'Hipoacusia Severa'),(3,'Hipoacusia Moderada'),(4,'Ceguera'),(5,'Baja Visión'),(6,'Trastorno del Espectro Autista'),(7,'Trastorno del Espectro Autista - Asperguer'),(8,'Disfasia Severa'),(9,'Discapacidad Múltiple'),(10,'Sordoceguera'),(11,'Discapacidad Motora Grave'),(12,'Discapacidad Motora Moderada'),(14,'Retraso Global del Desarrollo'),(16,'Síndrome de Down'),(17,'TEL (Trastorno Específico del Lenguaje)'),(18,'TEA (Trastorno Específico del Aprendizaje)'),(20,'TDA (Trastorno por Déficit Atencional)');
/*!40000 ALTER TABLE `diagnostico` ENABLE KEYS */;
UNLOCK TABLES;

--
-- Table structure for table `genero`
--

DROP TABLE IF EXISTS `genero`;
/*!40101 SET @saved_cs_client     = @@character_set_client */;
/*!40101 SET character_set_client = utf8 */;
CREATE TABLE `genero` (
  `id_genero` int(11) NOT NULL AUTO_INCREMENT,
  `genero` varchar(45) DEFAULT NULL,
  PRIMARY KEY (`id_genero`)
) ENGINE=InnoDB AUTO_INCREMENT=3 DEFAULT CHARSET=utf8;
/*!40101 SET character_set_client = @saved_cs_client */;

--
-- Dumping data for table `genero`
--

LOCK TABLES `genero` WRITE;
/*!40000 ALTER TABLE `genero` DISABLE KEYS */;
INSERT INTO `genero` VALUES (1,'Masculino'),(2,'Femenino');
/*!40000 ALTER TABLE `genero` ENABLE KEYS */;
UNLOCK TABLES;

--
-- Table structure for table `profesional`
--

DROP TABLE IF EXISTS `profesional`;
/*!40101 SET @saved_cs_client     = @@character_set_client */;
/*!40101 SET character_set_client = utf8 */;
CREATE TABLE `profesional` (
  `id_profesional` int(11) NOT NULL,
  `rut` varchar(45) NOT NULL,
  `nombre_prof` varchar(45) NOT NULL,
  `apellido_pat_prof` varchar(45) NOT NULL,
  `apellido_mat_prof` varchar(45) NOT NULL,
  `profesion` varchar(45) NOT NULL,
  `tipo_usuario` varchar(45) DEFAULT NULL,
  `password` varchar(45) DEFAULT NULL,
  PRIMARY KEY (`id_profesional`)
) ENGINE=InnoDB DEFAULT CHARSET=utf8;
/*!40101 SET character_set_client = @saved_cs_client */;

--
-- Dumping data for table `profesional`
--

LOCK TABLES `profesional` WRITE;
/*!40000 ALTER TABLE `profesional` DISABLE KEYS */;
INSERT INTO `profesional` VALUES (1,'1','Rodrigo','Montalva','Soto','Dostor','administrador','6dfa9cecb562e345739f2e4eb69e9ebd0fbff687'),(2,'2','Maria Jose','Cerda','Peña','Trabajadora Social','profesional','895064a3a677ffff90897887f011c531b8f3b53d'),(3,'3','profesor','prof','prof','profesor','director','aabb211b66e86d825aaec57dd03bd285590da669');
/*!40000 ALTER TABLE `profesional` ENABLE KEYS */;
UNLOCK TABLES;

--
-- Table structure for table `provincia`
--

DROP TABLE IF EXISTS `provincia`;
/*!40101 SET @saved_cs_client     = @@character_set_client */;
/*!40101 SET character_set_client = utf8 */;
CREATE TABLE `provincia` (
  `provincia_id` int(11) NOT NULL AUTO_INCREMENT,
  `provincia_nombre` varchar(64) NOT NULL,
  `region_id` int(11) NOT NULL,
  PRIMARY KEY (`provincia_id`)
) ENGINE=InnoDB AUTO_INCREMENT=54 DEFAULT CHARSET=utf8;
/*!40101 SET character_set_client = @saved_cs_client */;

--
-- Dumping data for table `provincia`
--

LOCK TABLES `provincia` WRITE;
/*!40000 ALTER TABLE `provincia` DISABLE KEYS */;
INSERT INTO `provincia` VALUES (1,'Arica',1),(2,'Parinacota',1),(3,'Iquique',2),(4,'El Tamarugal',2),(5,'Antofagasta',3),(6,'El Loa',3),(7,'Tocopilla',3),(8,'Chañaral',4),(9,'Copiapó',4),(10,'Huasco',4),(11,'Choapa',5),(12,'Elqui',5),(13,'Limarí',5),(14,'Isla de Pascua',6),(15,'Los Andes',6),(16,'Petorca',6),(17,'Quillota',6),(18,'San Antonio',6),(19,'San Felipe de Aconcagua',6),(20,'Valparaiso',6),(21,'Chacabuco',7),(22,'Cordillera',7),(23,'Maipo',7),(24,'Melipilla',7),(25,'Santiago',7),(26,'Talagante',7),(27,'Cachapoal',8),(28,'Cardenal Caro',8),(29,'Colchagua',8),(30,'Cauquenes',9),(31,'Curicó',9),(32,'Linares',9),(33,'Talca',9),(34,'Arauco',10),(35,'Bio Bío',10),(36,'Concepción',10),(37,'Ñuble',10),(38,'Cautín',11),(39,'Malleco',11),(40,'Valdivia',12),(41,'Ranco',12),(42,'Chiloé',13),(43,'Llanquihue',13),(44,'Osorno',13),(45,'Palena',13),(46,'Aisén',14),(47,'Capitán Prat',14),(48,'Coihaique',14),(49,'General Carrera',14),(50,'Antártica Chilena',15),(51,'Magallanes',15),(52,'Tierra del Fuego',15),(53,'Última Esperanza',15);
/*!40000 ALTER TABLE `provincia` ENABLE KEYS */;
UNLOCK TABLES;

--
-- Table structure for table `region`
--

DROP TABLE IF EXISTS `region`;
/*!40101 SET @saved_cs_client     = @@character_set_client */;
/*!40101 SET character_set_client = utf8 */;
CREATE TABLE `region` (
  `region_id` int(11) NOT NULL AUTO_INCREMENT,
  `region_nombre` varchar(64) NOT NULL,
  `region_ordinal` varchar(4) NOT NULL,
  PRIMARY KEY (`region_id`)
) ENGINE=InnoDB AUTO_INCREMENT=16 DEFAULT CHARSET=utf8;
/*!40101 SET character_set_client = @saved_cs_client */;

--
-- Dumping data for table `region`
--

LOCK TABLES `region` WRITE;
/*!40000 ALTER TABLE `region` DISABLE KEYS */;
INSERT INTO `region` VALUES (1,'Arica y Parinacota','XV'),(2,'Tarapacá','I'),(3,'Antofagasta','II'),(4,'Atacama','III'),(5,'Coquimbo','IV'),(6,'Valparaiso','V'),(7,'Metropolitana de Santiago','RM'),(8,'Libertador General Bernardo O\'Higgins','VI'),(9,'Maule','VII'),(10,'Biobío','VIII'),(11,'La Araucanía','IX'),(12,'Los Ríos','XIV'),(13,'Los Lagos','X'),(14,'Aisén del General Carlos Ibáñez del Campo','XI'),(15,'Magallanes y de la Antártica Chilena','XII');
/*!40000 ALTER TABLE `region` ENABLE KEYS */;
UNLOCK TABLES;

--
-- Table structure for table `registro`
--

DROP TABLE IF EXISTS `registro`;
/*!40101 SET @saved_cs_client     = @@character_set_client */;
/*!40101 SET character_set_client = utf8 */;
CREATE TABLE `registro` (
  `id_registro` int(11) NOT NULL AUTO_INCREMENT,
  `id_alumno` int(11) NOT NULL,
  `id_profesional` int(11) NOT NULL,
  `fecha` date NOT NULL,
  `tipo_actividad` varchar(100) NOT NULL,
  `objetivo` varchar(100) NOT NULL,
  `resultado` text NOT NULL,
  `acuerdo` varchar(200) NOT NULL,
  PRIMARY KEY (`id_registro`),
  KEY `fk_registro_alumno_idx` (`id_alumno`),
  KEY `fk_registro_profesional_idx` (`id_profesional`),
  CONSTRAINT `fk_registro_alumno` FOREIGN KEY (`id_alumno`) REFERENCES `alumno` (`id_alumno`) ON DELETE NO ACTION ON UPDATE NO ACTION,
  CONSTRAINT `fk_registro_profesional` FOREIGN KEY (`id_profesional`) REFERENCES `profesional` (`id_profesional`) ON DELETE NO ACTION ON UPDATE NO ACTION
) ENGINE=InnoDB AUTO_INCREMENT=8 DEFAULT CHARSET=utf8;
/*!40101 SET character_set_client = @saved_cs_client */;

--
-- Dumping data for table `registro`
--

LOCK TABLES `registro` WRITE;
/*!40000 ALTER TABLE `registro` DISABLE KEYS */;
INSERT INTO `registro` VALUES (1,1,1,'2016-02-02','actividad','objetivo','','acuerdo'),(2,1,1,'2017-01-01','tipo_actividad','objetivo','resultado','acuerdo'),(3,1,1,'2001-01-01','','','',''),(4,2,1,'2009-09-08','q','q','q','q'),(5,2,1,'2009-01-02','ww','w','w',''),(6,2,1,'2009-01-02','ww','w','w',''),(7,2,1,'2009-01-02','ww','w','w','');
/*!40000 ALTER TABLE `registro` ENABLE KEYS */;
UNLOCK TABLES;
/*!40103 SET TIME_ZONE=@OLD_TIME_ZONE */;

/*!40101 SET SQL_MODE=@OLD_SQL_MODE */;
/*!40014 SET FOREIGN_KEY_CHECKS=@OLD_FOREIGN_KEY_CHECKS */;
/*!40014 SET UNIQUE_CHECKS=@OLD_UNIQUE_CHECKS */;
/*!40101 SET CHARACTER_SET_CLIENT=@OLD_CHARACTER_SET_CLIENT */;
/*!40101 SET CHARACTER_SET_RESULTS=@OLD_CHARACTER_SET_RESULTS */;
/*!40101 SET COLLATION_CONNECTION=@OLD_COLLATION_CONNECTION */;
/*!40111 SET SQL_NOTES=@OLD_SQL_NOTES */;

-- Dump completed on 2017-12-19 23:08:27
